{"by_destination_n": {"36": {"mean_exec_t": 3.7955261516571044, "mean_cost_improvement": 0.44373060893493543, "mean_iters": 177.456}, "100": {"mean_exec_t": 7.434257489139751, "mean_cost_improvement": 0.46957711221572745, "mean_iters": 91.93220338983048}, "64": {"mean_exec_t": 5.585096115797338, "mean_cost_improvement": 0.4571921456003191, "mean_iters": 120.24647887323944}, "81": {"mean_exec_t": 6.388622063548625, "mean_cost_improvement": 0.46364441625683084, "mean_iters": 105.3529411764706}, "25": {"mean_exec_t": 3.0003092139959344, "mean_cost_improvement": 0.419053185911381, "mean_iters": 220.70833333333334}, "16": {"mean_exec_t": 2.4814579137941686, "mean_cost_improvement": 0.4071842547528375, "mean_iters": 261.9593495934958}, "9": {"mean_exec_t": 2.229459797749753, "mean_cost_improvement": 0.18234540968964089, "mean_iters": 289.5409836065574}, "49": {"mean_exec_t": 4.522320174725255, "mean_cost_improvement": 0.4442146113950218, "mean_iters": 150.52336448598126}}, "by_population_size": {"100": {"mean_exec_t": 6.13411109674952, "mean_cost_improvement": 0.4012670167417813, "mean_iters": 114.0205556081571}, "20": {"mean_exec_t": 2.827143028641279, "mean_cost_improvement": 0.4359472647696122, "mean_iters": 245.25096269018613}, "30": {"mean_exec_t": 3.526399710179526, "mean_cost_improvement": 0.41879540920851777, "mean_iters": 201.56437006331623}, "60": {"mean_exec_t": 4.801190902990586, "mean_cost_improvement": 0.377539229906867, "mean_iters": 155.6079238858831}, "80": {"mean_exec_t": 5.7678510599885815, "mean_cost_improvement": 0.41375633743868706, "mean_iters": 124.51147971460283}, "10": {"mean_exec_t": 2.047559220378029, "mean_cost_improvement": 0.4431418757355719, "mean_iters": 335.70852558333064}, "90": {"mean_exec_t": 5.655576127205675, "mean_cost_improvement": 0.3891204174233831, "mean_iters": 126.60405735156793}, "40": {"mean_exec_t": 3.921626882852106, "mean_cost_improvement": 0.4179314482417241, "mean_iters": 176.45172562179164}, "70": {"mean_exec_t": 5.058580764389212, "mean_cost_improvement": 0.4006260682519149, "mean_iters": 139.64199188291414}, "50": {"mean_exec_t": 4.681341976843404, "mean_cost_improvement": 0.4096837715034251, "mean_iters": 152.0980648322149}}, "by_map": {"data\\environments\\map_2021-12-29_20-35-35_tsp.json": {"mean_exec_t": 3.7955261516571044, "mean_cost_improvement": 0.44373060893493543, "mean_iters": 177.45600000000002, "best_solution": [0, 1, 7, 12, 13, 14, 15, 21, 22, 23, 28, 34, 33, 32, 26, 27, 25, 31, 30, 24, 18, 19, 20, 8, 2, 9, 3, 4, 10, 16, 17, 11, 5, 29, 35, 6, 0], "min_cost": 9.010056376642273, "min_cost_mean": 9.356747165739808, "min_cost_stddev": 0.7180256239274058}, "data\\environments\\map_2021-12-29_20-41-35_tsp.json": {"mean_exec_t": 7.434257489139751, "mean_cost_improvement": 0.46957711221572684, "mean_iters": 91.93220338983048, "best_solution": [0, 10, 21, 31, 42, 41, 43, 34, 35, 45, 55, 65, 64, 54, 83, 62, 70, 80, 52, 51, 40, 50, 30, 20, 1, 2, 23, 15, 16, 17, 7, 22, 25, 36, 26, 47, 37, 39, 49, 48, 67, 75, 74, 84, 61, 71, 91, 90, 92, 82, 93, 73, 12, 5, 6, 9, 19, 29, 27, 28, 8, 86, 77, 87, 88, 97, 96, 95, 94, 85, 76, 57, 56, 38, 58, 68, 78, 81, 60, 32, 33, 44, 46, 53, 63, 72, 66, 79, 18, 59, 69, 89, 98, 99, 13, 3, 14, 24, 4, 11, 0], "min_cost": 26.89725458018209, "min_cost_mean": 26.998054101371224, "min_cost_stddev": 1.9491062906498022}, "data\\environments\\map_2021-12-29_20-40-55_tsp.json": {"mean_exec_t": 5.585096115797335, "mean_cost_improvement": 0.45719214560031896, "mean_iters": 120.24647887323944, "best_solution": [0, 8, 9, 18, 10, 17, 16, 26, 34, 27, 49, 42, 43, 50, 60, 61, 53, 45, 37, 36, 25, 33, 41, 1, 2, 3, 11, 20, 19, 28, 29, 30, 23, 6, 5, 13, 14, 15, 7, 22, 24, 32, 40, 48, 56, 57, 58, 59, 52, 51, 44, 35, 46, 47, 55, 63, 54, 62, 39, 38, 31, 21, 12, 4, 0], "min_cost": 17.41160780083449, "min_cost_mean": 17.752902518147607, "min_cost_stddev": 1.1440100782689906}, "data\\environments\\map_2021-12-29_20-41-17_tsp.json": {"mean_exec_t": 6.388622063548625, "mean_cost_improvement": 0.46364441625683056, "mean_iters": 105.3529411764706, "best_solution": [0, 9, 27, 37, 46, 45, 15, 5, 4, 13, 22, 21, 20, 19, 18, 28, 29, 39, 47, 48, 40, 31, 30, 16, 17, 25, 26, 34, 23, 71, 80, 79, 78, 70, 61, 53, 67, 58, 10, 11, 2, 1, 12, 3, 14, 6, 7, 8, 72, 36, 54, 55, 73, 63, 65, 38, 49, 51, 52, 43, 35, 24, 32, 33, 41, 50, 59, 42, 69, 68, 77, 64, 56, 44, 60, 76, 75, 66, 57, 62, 74, 0], "min_cost": 22.522867767593308, "min_cost_mean": 22.611673193946043, "min_cost_stddev": 1.4503236806355755}, "data\\environments\\map_2021-12-29_20-34-33_tsp.json": {"mean_exec_t": 3.0003092139959344, "mean_cost_improvement": 0.419053185911381, "mean_iters": 220.70833333333337, "best_solution": [0, 1, 6, 11, 16, 21, 22, 14, 24, 19, 18, 23, 17, 12, 13, 9, 4, 3, 2, 7, 8, 5, 10, 15, 20, 0], "min_cost": 7.2336420885806225, "min_cost_mean": 7.287150811761265, "min_cost_stddev": 0.4103773568800448}, "data\\environments\\map_2021-12-29_20-33-28_tsp.json": {"mean_exec_t": 2.4814579137941672, "mean_cost_improvement": 0.40718425475283737, "mean_iters": 261.9593495934958, "best_solution": [0, 4, 8, 10, 6, 2, 3, 7, 11, 15, 14, 13, 12, 9, 1, 5, 0], "min_cost": 5.157323126957662, "min_cost_mean": 5.166872274568563, "min_cost_stddev": 0.20965468504767365}, "data\\environments\\map_2021-12-29_20-32-46_tsp.json": {"mean_exec_t": 2.229459797749756, "mean_cost_improvement": 0.182345409689641, "mean_iters": 289.5409836065574, "best_solution": [0, 4, 3, 6, 7, 5, 8, 2, 1, 0], "min_cost": 3.8806299114177354, "min_cost_mean": 3.8850225388272053, "min_cost_stddev": 0.20854580899728167}, "data\\environments\\map_2021-12-29_20-40-23_tsp.json": {"mean_exec_t": 4.522320174725261, "mean_cost_improvement": 0.4442146113950221, "mean_iters": 150.52336448598135, "best_solution": [0, 7, 8, 1, 9, 3, 21, 14, 15, 22, 35, 28, 29, 36, 43, 42, 44, 38, 45, 37, 30, 23, 31, 25, 26, 33, 32, 39, 47, 46, 48, 41, 40, 34, 27, 24, 2, 10, 16, 17, 18, 11, 12, 5, 4, 13, 6, 19, 20, 0], "min_cost": 13.007051852458972, "min_cost_mean": 13.423010262619604, "min_cost_stddev": 0.9308937047703655}}}